{
    "name": "root",
    "gauges": {
        "SpiderBrain.Policy.Entropy.mean": {
            "value": 0.6740149855613708,
            "min": 0.6740139722824097,
            "max": 1.4192917346954346,
            "count": 2500
        },
        "SpiderBrain.Policy.Entropy.sum": {
            "value": 6653.2021484375,
            "min": 6263.2587890625,
            "max": 15877.919921875,
            "count": 2500
        },
        "SpiderBrain.Environment.EpisodeLength.mean": {
            "value": 499.0,
            "min": 274.3421052631579,
            "max": 499.0,
            "count": 2500
        },
        "SpiderBrain.Environment.EpisodeLength.sum": {
            "value": 9980.0,
            "min": 9481.0,
            "max": 10479.0,
            "count": 2500
        },
        "SpiderBrain.Step.mean": {
            "value": 24999745.0,
            "min": 9963.0,
            "max": 24999745.0,
            "count": 2500
        },
        "SpiderBrain.Step.sum": {
            "value": 24999745.0,
            "min": 9963.0,
            "max": 24999745.0,
            "count": 2500
        },
        "SpiderBrain.Policy.ExtrinsicValueEstimate.mean": {
            "value": 2.7238972187042236,
            "min": -8.703750610351562,
            "max": 4.792121410369873,
            "count": 2500
        },
        "SpiderBrain.Policy.ExtrinsicValueEstimate.sum": {
            "value": 54.477943420410156,
            "min": -174.07501220703125,
            "max": 95.8424301147461,
            "count": 2500
        },
        "SpiderBrain.Environment.CumulativeReward.mean": {
            "value": 17.39150972366333,
            "min": -50.61567551294963,
            "max": 21.685308027267457,
            "count": 2500
        },
        "SpiderBrain.Environment.CumulativeReward.sum": {
            "value": 347.8301944732666,
            "min": -1518.4702653884888,
            "max": 433.7061605453491,
            "count": 2500
        },
        "SpiderBrain.Policy.ExtrinsicReward.mean": {
            "value": 17.39150972366333,
            "min": -50.61567551294963,
            "max": 21.685308027267457,
            "count": 2500
        },
        "SpiderBrain.Policy.ExtrinsicReward.sum": {
            "value": 347.8301944732666,
            "min": -1518.4702653884888,
            "max": 433.7061605453491,
            "count": 2500
        },
        "SpiderBrain.IsTraining.mean": {
            "value": 1.0,
            "min": 1.0,
            "max": 1.0,
            "count": 2500
        },
        "SpiderBrain.IsTraining.sum": {
            "value": 1.0,
            "min": 1.0,
            "max": 1.0,
            "count": 2500
        },
        "SpiderBrain.Losses.PolicyLoss.mean": {
            "value": 0.016454450894123816,
            "min": 0.010866411114936152,
            "max": 0.02526150214058968,
            "count": 1216
        },
        "SpiderBrain.Losses.PolicyLoss.sum": {
            "value": 0.016454450894123816,
            "min": 0.010866411114936152,
            "max": 0.02526150214058968,
            "count": 1216
        },
        "SpiderBrain.Losses.ValueLoss.mean": {
            "value": 0.8602892398834229,
            "min": 0.11027193590998649,
            "max": 3.1417679945627848,
            "count": 1216
        },
        "SpiderBrain.Losses.ValueLoss.sum": {
            "value": 0.8602892398834229,
            "min": 0.11027193590998649,
            "max": 3.1417679945627848,
            "count": 1216
        },
        "SpiderBrain.Policy.LearningRate.mean": {
            "value": 2.115999298000607e-08,
            "min": 2.115999298000607e-08,
            "max": 0.0002997525360824879,
            "count": 1216
        },
        "SpiderBrain.Policy.LearningRate.sum": {
            "value": 2.115999298000607e-08,
            "min": 2.115999298000607e-08,
            "max": 0.0002997525360824879,
            "count": 1216
        },
        "SpiderBrain.Policy.Epsilon.mean": {
            "value": 0.10000702000000002,
            "min": 0.10000702000000002,
            "max": 0.19991751199999996,
            "count": 1216
        },
        "SpiderBrain.Policy.Epsilon.sum": {
            "value": 0.10000702000000002,
            "min": 0.10000702000000002,
            "max": 0.19991751199999996,
            "count": 1216
        },
        "SpiderBrain.Policy.Beta.mean": {
            "value": 1.0350298000000106e-05,
            "min": 1.0350298000000106e-05,
            "max": 0.004995883848800001,
            "count": 1216
        },
        "SpiderBrain.Policy.Beta.sum": {
            "value": 1.0350298000000106e-05,
            "min": 1.0350298000000106e-05,
            "max": 0.004995883848800001,
            "count": 1216
        }
    },
    "metadata": {
        "timer_format_version": "0.1.0",
        "start_time_seconds": "1682283636",
        "python_version": "3.10.8 (main, Mar 21 2023, 21:58:06) [GCC 9.4.0]",
        "command_line_arguments": "/home/sarius/.pyenv/versions/3.10.8/envs/mlagents/bin/mlagents-learn --env 14b-bigger-angle-punishment/14b-bigger-angle-punishment.x86_64 --run-id 14b-bigger-anlge-punishment --no-graphics --torch-device cuda --num-envs 4 --time-scale 1 13-adapt-trainer-config/trainer_new-format.yaml",
        "mlagents_version": "0.30.0",
        "mlagents_envs_version": "0.30.0",
        "communication_protocol_version": "1.5.0",
        "pytorch_version": "1.11.0+cu102",
        "numpy_version": "1.21.2",
        "end_time_seconds": "1682339384"
    },
    "total": 55747.66398521094,
    "count": 1,
    "self": 0.27569108828902245,
    "children": {
        "run_training.setup": {
            "total": 0.01809555571526289,
            "count": 1,
            "self": 0.01809555571526289
        },
        "TrainerController.start_learning": {
            "total": 55747.37019856693,
            "count": 1,
            "self": 424.47012307913974,
            "children": {
                "TrainerController._reset_env": {
                    "total": 3.1527658007107675,
                    "count": 1,
                    "self": 3.1527658007107675
                },
                "TrainerController.advance": {
                    "total": 55319.63867574232,
                    "count": 22694578,
                    "self": 422.3278991044499,
                    "children": {
                        "env_step": {
                            "total": 48410.0266287378,
                            "count": 22694578,
                            "self": 18627.570875017904,
                            "children": {
                                "SubprocessEnvManager._take_step": {
                                    "total": 29491.856073988136,
                                    "count": 25046074,
                                    "self": 1544.1660461951979,
                                    "children": {
                                        "TorchPolicy.evaluate": {
                                            "total": 27947.690027792938,
                                            "count": 25000727,
                                            "self": 27947.690027792938
                                        }
                                    }
                                },
                                "workers": {
                                    "total": 290.5996797317639,
                                    "count": 22694578,
                                    "self": 0.0,
                                    "children": {
                                        "worker_root": {
                                            "total": 222161.57678949367,
                                            "count": 25046071,
                                            "is_parallel": true,
                                            "self": 93529.47769230511,