{"count":1,"self":23941.011865599998,"total":54643.549365,"children":{"InitializeActuators":{"count":1,"self":0.001571,"total":0.001571,"children":null},"InitializeSensors":{"count":1,"self":0.0020009999999999997,"total":0.0020009999999999997,"children":null},"AgentSendState":{"count":63423972,"self":55.3835712,"total":202.595869,"children":{"CollectObservations":{"count":6342398,"self":14.0505248,"total":14.050524999999999,"children":null},"WriteActionMask":{"count":6342398,"self":3.6640872,"total":3.664087,"children":null},"RequestDecision":{"count":6342398,"self":9.4324712,"total":129.497685,"children":{"AgentInfo.ToProto":{"count":6342398,"self":20.3500352,"total":120.065214,"children":{"GenerateSensorData":{"count":6342398,"self":99.7151808,"total":99.715178999999992,"children":null}}}}}}},"DecideAction":{"count":63423972,"self":30085.382144,"total":30085.380788,"children":null},"AgentAct":{"count":63423972,"self":414.30115839999996,"total":414.554535,"children":{"AgentInfo.ToProto":{"count":13042,"self":0.040146999999999995,"total":0.253366,"children":{"GenerateSensorData":{"count":13042,"self":0.213219,"total":0.213219,"children":null}}}}}},"gauges":{"SpiderBrain.CumulativeReward":{"count":13042,"max":232.199387,"min":-35.0878448,"runningAverage":58.43229,"value":42.16091,"weightedAverage":56.13334}},"metadata":{"timer_format_version":"0.1.0","start_time_seconds":"1682182683","unity_version":"2021.3.21f1","command_line_arguments":"\/home\/sarius\/spiderbot\/15-geometric-reward\/15-geometric-reward.x86_64 -nographics -batchmode --mlagents-port 5005 -logFile \/home\/sarius\/spiderbot\/results\/16-geometric-reward\/run_logs\/Player-0.log","communication_protocol_version":"1.5.0","com.unity.ml-agents_version":"2.0.1","scene_name":"Main","end_time_seconds":"1682237326"}}onds":"1682237326"}}