{"count":1,"self":31082.7810816,"total":61111.909789,"children":{"InitializeActuators":{"count":1,"self":0.0015719999999999998,"total":0.0015719999999999998,"children":null},"InitializeSensors":{"count":1,"self":0.002018,"total":0.002018,"children":null},"AgentSendState":{"count":63691252,"self":59.241996799999995,"total":210.619013,"children":{"CollectObservations":{"count":6369126,"self":15.196558399999999,"total":15.196558,"children":null},"WriteActionMask":{"count":6369126,"self":3.4961352,"total":3.4961349999999998,"children":null},"RequestDecision":{"count":6369126,"self":10.6836656,"total":132.684323,"children":{"AgentInfo.ToProto":{"count":6369126,"self":19.3508592,"total":122.00065699999999,"children":{"GenerateSensorData":{"count":6369126,"self":102.6497984,"total":102.64979799999999,"children":null}}}}}}},"DecideAction":{"count":63691252,"self":29543.271628799997,"total":29543.27224,"children":null},"AgentAct":{"count":63691252,"self":274.3710208,"total":275.230973,"children":{"AgentInfo.ToProto":{"count":47645,"self":0.13909,"total":0.85995199999999994,"children":{"GenerateSensorData":{"count":47645,"self":0.720862,"total":0.720862,"children":null}}}}}},"gauges":{"SpiderBrain.CumulativeReward":{"count":47645,"max":-5.97286844,"min":-462.515381,"runningAverage":-22.8591576,"value":-6.4254055,"weightedAverage":-8.640205}},"metadata":{"timer_format_version":"0.1.0","start_time_seconds":"1681841766","unity_version":"2021.3.21f1","command_line_arguments":"\/home\/sarius\/spiderbot\/12-add-positions\/12-add-positions.x86_64 -nographics -batchmode --mlagents-port 5006 -logFile \/home\/sarius\/spiderbot\/results\/12-add-positions\/run_logs\/Player-1.log","communication_protocol_version":"1.5.0","com.unity.ml-agents_version":"2.0.1","scene_name":"Main","end_time_seconds":"1681902878"}}nds":"1681902878"}}