{
    "name": "root",
    "gauges": {
        "SpiderBrain.Policy.Entropy.mean": {
            "value": 0.9618265628814697,
            "min": 0.9618265628814697,
            "max": 1.418938398361206,
            "count": 1568
        },
        "SpiderBrain.Policy.Entropy.sum": {
            "value": 9585.5634765625,
            "min": 8642.6044921875,
            "max": 15927.5830078125,
            "count": 1568
        },
        "SpiderBrain.Environment.EpisodeLength.mean": {
            "value": 449.6363636363636,
            "min": 313.6666666666667,
            "max": 499.0,
            "count": 1568
        },
        "SpiderBrain.Environment.EpisodeLength.sum": {
            "value": 9892.0,
            "min": 9490.0,
            "max": 10467.0,
            "count": 1568
        },
        "SpiderBrain.Step.mean": {
            "value": 15679674.0,
            "min": 9884.0,
            "max": 15679674.0,
            "count": 1568
        },
        "SpiderBrain.Step.sum": {
            "value": 15679674.0,
            "min": 9884.0,
            "max": 15679674.0,
            "count": 1568
        },
        "SpiderBrain.Policy.ExtrinsicValueEstimate.mean": {
            "value": 19.485885620117188,
            "min": -3.9924826622009277,
            "max": 22.320703506469727,
            "count": 1568
        },
        "SpiderBrain.Policy.ExtrinsicValueEstimate.sum": {
            "value": 428.6894836425781,
            "min": -94.9639892578125,
            "max": 486.52642822265625,
            "count": 1568
        },
        "SpiderBrain.Environment.CumulativeReward.mean": {
            "value": 62.05016361583363,
            "min": -17.147664774547923,
            "max": 66.48825491042365,
            "count": 1568
        },
        "SpiderBrain.Environment.CumulativeReward.sum": {
            "value": 1365.1035995483398,
            "min": -442.0079448223114,
            "max": 1419.8292770385742,
            "count": 1568
        },
        "SpiderBrain.Policy.ExtrinsicReward.mean": {
            "value": 62.05016361583363,
            "min": -17.147664774547923,
            "max": 66.48825491042365,
            "count": 1568
        },
        "SpiderBrain.Policy.ExtrinsicReward.sum": {
            "value": 1365.1035995483398,
            "min": -442.0079448223114,
            "max": 1419.8292770385742,
            "count": 1568
        },
        "SpiderBrain.IsTraining.mean": {
            "value": 1.0,
            "min": 1.0,
            "max": 1.0,
            "count": 1568
        },
        "SpiderBrain.IsTraining.sum": {
            "value": 1.0,
            "min": 1.0,
            "max": 1.0,
            "count": 1568
        },
        "SpiderBrain.Losses.PolicyLoss.mean": {
            "value": 0.01976723256132876,
            "min": 0.009882928667745242,
            "max": 0.023233369945470865,
            "count": 756
        },
        "SpiderBrain.Losses.PolicyLoss.sum": {
            "value": 0.01976723256132876,
            "min": 0.009882928667745242,
            "max": 0.023233369945470865,
            "count": 756
        },
        "SpiderBrain.Losses.ValueLoss.mean": {
            "value": 8.038340520858764,
            "min": 0.7751004219055175,
            "max": 9.740423599878946,
            "count": 756
        },
        "SpiderBrain.Losses.ValueLoss.sum": {
            "value": 8.038340520858764,
            "min": 0.7751004219055175,
            "max": 9.740423599878946,
            "count": 756
        },
        "SpiderBrain.Policy.LearningRate.mean": {
            "value": 0.000112049978650028,
            "min": 0.000112049978650028,
            "max": 0.00029974968008343995,
            "count": 756
        },
        "SpiderBrain.Policy.LearningRate.sum": {
            "value": 0.000112049978650028,
            "min": 0.000112049978650028,
            "max": 0.00029974968008343995,
            "count": 756
        },
        "SpiderBrain.Policy.Epsilon.mean": {
            "value": 0.13734997200000001,
            "min": 0.13734997200000001,
            "max": 0.19991656000000005,
            "count": 756
        },
        "SpiderBrain.Policy.Epsilon.sum": {
            "value": 0.13734997200000001,
            "min": 0.13734997200000001,
            "max": 0.19991656000000005,
            "count": 756
        },
        "SpiderBrain.Policy.Beta.mean": {
            "value": 0.0018737636027999999,
            "min": 0.0018737636027999999,
            "max": 0.004995836344,
            "count": 756
        },
        "SpiderBrain.Policy.Beta.sum": {
            "value": 0.0018737636027999999,
            "min": 0.0018737636027999999,
            "max": 0.004995836344,
            "count": 756
        }
    },
    "metadata": {
        "timer_format_version": "0.1.0",
        "start_time_seconds": "1682248592",
        "python_version": "3.10.8 (main, Mar 21 2023, 21:58:06) [GCC 9.4.0]",
        "command_line_arguments": "/home/sarius/.pyenv/versions/3.10.8/envs/mlagents/bin/mlagents-learn --env 14a-calmed-reward/14a-calmed-reward.x86_64 --run-id 14a-calmed-reward --no-graphics --torch-device cuda --num-envs 4 --time-scale 1 13-adapt-trainer-config/trainer_new-format.yaml",
        "mlagents_version": "0.30.0",
        "mlagents_envs_version": "0.30.0",
        "communication_protocol_version": "1.5.0",
        "pytorch_version": "1.11.0+cu102",
        "numpy_version": "1.21.2",
        "end_time_seconds": "1682283520"
    },
    "total": 34927.70655949274,
    "count": 1,
    "self": 0.11095666885375977,
    "children": {
        "run_training.setup": {
            "total": 0.01776795694604516,
            "count": 1,
            "self": 0.01776795694604516
        },
        "TrainerController.start_learning": {
            "total": 34927.57783486694,
            "count": 1,
            "self": 261.7963459864259,
            "children": {
                "TrainerController._reset_env": {
                    "total": 3.1080650626681745,
                    "count": 1,
                    "self": 3.1080650626681745
                },
                "TrainerController.advance": {
                    "total": 34662.4599887738,
                    "count": 14211591,
                    "self": 273.2263566623442,
                    "children": {
                        "env_step": {
                            "total": 30317.25863802526,
                            "count": 14211591,
                            "self": 12051.008773477748,
                            "children": {
                                "SubprocessEnvManager._take_step": {
                                    "total": 18085.111003495753,
                                    "count": 15717801,
                                    "self": 962.0152508895844,
                                    "children": {
                                        "TorchPolicy.evaluate": {
                                            "total": 17123.09575260617,
                                            "count": 15687008,
                                            "self": 17123.09575260617
                                        }
                                    }
                                },
                                "workers": {
                                    "total": 181.1388610517606,
                                    "count": 14211590,
                                    "self": 0.0,
                                    "children": {
                                        "worker_root": {
                                            "total": 139186.0465174322,
                                            "count": 15717797,
                                            "is_parallel": true,
                                            "self": 57861.39924394293,