{"count":1,"self":23611.8228992,"total":45717.855095,"children":{"InitializeActuators":{"count":1,"self":0.001552,"total":0.001552,"children":null},"InitializeSensors":{"count":1,"self":0.0019549999999999997,"total":0.0019549999999999997,"children":null},"AgentSendState":{"count":49432301,"self":49.9396896,"total":145.301571,"children":{"CollectObservations":{"count":4943231,"self":6.7130464,"total":6.7130459999999994,"children":null},"WriteActionMask":{"count":4943231,"self":2.8466799999999997,"total":2.8466799999999997,"children":null},"RequestDecision":{"count":4943231,"self":8.0030576,"total":85.802154,"children":{"AgentInfo.ToProto":{"count":4943231,"self":15.5070064,"total":77.799095999999992,"children":{"GenerateSensorData":{"count":4943231,"self":62.2920896,"total":62.292089999999995,"children":null}}}}}}},"DecideAction":{"count":49432301,"self":21756.0285184,"total":21756.028330999998,"children":null},"AgentAct":{"count":49432301,"self":204.40414719999998,"total":204.69797799999998,"children":{"AgentInfo.ToProto":{"count":19774,"self":0.062329999999999997,"total":0.293835,"children":{"GenerateSensorData":{"count":19774,"self":0.231505,"total":0.231505,"children":null}}}}}},"gauges":{"SpiderBrain.CumulativeReward":{"count":19774,"max":-0.436999768,"min":-20.0974884,"runningAverage":-0.5163628,"value":-0.525997,"weightedAverage":-0.531883955}},"metadata":{"timer_format_version":"0.1.0","start_time_seconds":"1681339532","unity_version":"2021.3.21f1","command_line_arguments":"\/home\/sarius\/spiderbot\/3-box-simple-obstacle\/3-box-simple-obstacle.x86_64 -nographics -batchmode --mlagents-port 5005 -logFile \/home\/sarius\/spiderbot\/results\/3-box-simple-obstacle\/run_logs\/Player-0.log","communication_protocol_version":"1.5.0","com.unity.ml-agents_version":"2.0.1","scene_name":"Main","end_time_seconds":"1681385249"}}