{"count":1,"self":14572.2474496,"total":26969.907776,"children":{"InitializeActuators":{"count":1,"self":0.001602,"total":0.001602,"children":null},"InitializeSensors":{"count":1,"self":0.002022,"total":0.002022,"children":null},"AgentSendState":{"count":27504481,"self":25.482787199999997,"total":92.129104,"children":{"CollectObservations":{"count":2750449,"self":3.8698688,"total":3.869869,"children":null},"WriteActionMask":{"count":2750449,"self":1.3869749999999998,"total":1.3869749999999998,"children":null},"RequestDecision":{"count":2750449,"self":4.3123179999999994,"total":61.389472,"children":{"AgentInfo.ToProto":{"count":2750449,"self":13.3558872,"total":57.077154,"children":{"GenerateSensorData":{"count":2750449,"self":43.7212672,"total":43.721267,"children":null}}}}}}},"DecideAction":{"count":27504481,"self":12270.8770816,"total":12270.877163,"children":null},"AgentAct":{"count":27504481,"self":34.4240096,"total":34.64194,"children":{"AgentInfo.ToProto":{"count":10807,"self":0.046127999999999995,"total":0.21792899999999998,"children":{"GenerateSensorData":{"count":10807,"self":0.17180099999999998,"total":0.17180099999999998,"children":null}}}}},"AgentInfo.ToProto":{"count":352,"self":0.002297,"total":0.0072089999999999993,"children":{"GenerateSensorData":{"count":352,"self":0.004912,"total":0.004912,"children":null}}}},"gauges":{"SpiderBrain.CumulativeReward":{"count":11159,"max":965.0657,"min":-93.50885,"runningAverage":686.494446,"value":653.7202,"weightedAverage":678.814636}},"metadata":{"timer_format_version":"0.1.0","start_time_seconds":"1681564321","unity_version":"2021.3.21f1","command_line_arguments":"\/home\/sarius\/spiderbot\/6-dynamic-target\/6-dynamic-target.x86_64 -nographics -batchmode --mlagents-port 5005 -logFile \/home\/sarius\/spiderbot\/results\/6-dynamic-target\/run_logs\/Player-0.log","communication_protocol_version":"1.5.0","com.unity.ml-agents_version":"2.0.1","scene_name":"Main","end_time_seconds":"1681591291"}}n","end_time_seconds":"1681591291"}}