{
    "name": "root",
    "gauges": {
        "SpiderBrain.Policy.Entropy.mean": {
            "value": 0.6174894571304321,
            "min": 0.5850887298583984,
            "max": 1.4228732585906982,
            "count": 736
        },
        "SpiderBrain.Policy.Entropy.sum": {
            "value": 6148.34228515625,
            "min": 5842.35205078125,
            "max": 14471.25390625,
            "count": 736
        },
        "SpiderBrain.Step.mean": {
            "value": 7359989.0,
            "min": 9997.0,
            "max": 7359989.0,
            "count": 736
        },
        "SpiderBrain.Step.sum": {
            "value": 7359989.0,
            "min": 9997.0,
            "max": 7359989.0,
            "count": 736
        },
        "SpiderBrain.Policy.ExtrinsicValueEstimate.mean": {
            "value": -0.23116102814674377,
            "min": -7.370387077331543,
            "max": -0.14588719606399536,
            "count": 736
        },
        "SpiderBrain.Policy.ExtrinsicValueEstimate.sum": {
            "value": -36.98576354980469,
            "min": -1179.261962890625,
            "max": -25.530258178710938,
            "count": 736
        },
        "SpiderBrain.Environment.EpisodeLength.mean": {
            "value": 249.0,
            "min": 179.38888888888889,
            "max": 249.0,
            "count": 736
        },
        "SpiderBrain.Environment.EpisodeLength.sum": {
            "value": 10209.0,
            "min": 9462.0,
            "max": 10458.0,
            "count": 736
        },
        "SpiderBrain.Environment.CumulativeReward.mean": {
            "value": -0.38203875511521246,
            "min": -30.04440329714519,
            "max": -0.3200352940126322,
            "count": 736
        },
        "SpiderBrain.Environment.CumulativeReward.sum": {
            "value": -15.663588959723711,
            "min": -1443.5665110349655,
            "max": -12.801411760505289,
            "count": 736
        },
        "SpiderBrain.Policy.ExtrinsicReward.mean": {
            "value": -0.38203875511521246,
            "min": -30.04440329714519,
            "max": -0.3200352940126322,
            "count": 736
        },
        "SpiderBrain.Policy.ExtrinsicReward.sum": {
            "value": -15.663588959723711,
            "min": -1443.5665110349655,
            "max": -12.801411760505289,
            "count": 736
        },
        "SpiderBrain.Losses.PolicyLoss.mean": {
            "value": 0.1114176492827634,
            "min": 0.054436401347629726,
            "max": 0.2382798181225856,
            "count": 731
        },
        "SpiderBrain.Losses.PolicyLoss.sum": {
            "value": 0.1114176492827634,
            "min": 0.054436401347629726,
            "max": 0.2382798181225856,
            "count": 731
        },
        "SpiderBrain.Losses.ValueLoss.mean": {
            "value": 0.0007620593353446262,
            "min": 0.00017532441488583573,
            "max": 2.539576319853465,
            "count": 731
        },
        "SpiderBrain.Losses.ValueLoss.sum": {
            "value": 0.0007620593353446262,
            "min": 0.00017532441488583573,
            "max": 2.539576319853465,
            "count": 731
        },
        "SpiderBrain.Policy.LearningRate.mean": {
            "value": 0.002558812994706233,
            "min": 0.002558812994706233,
            "max": 0.0029994470400184327,
            "count": 731
        },
        "SpiderBrain.Policy.LearningRate.sum": {
            "value": 0.002558812994706233,
            "min": 0.002558812994706233,
            "max": 0.0029994470400184327,
            "count": 731
        },
        "SpiderBrain.Policy.Epsilon.mean": {
            "value": 0.18529376600000003,
            "min": 0.18529376600000003,
            "max": 0.19998156800000003,
            "count": 731
        },
        "SpiderBrain.Policy.Epsilon.sum": {
            "value": 0.18529376600000003,
            "min": 0.18529376600000003,
            "max": 0.19998156800000003,
            "count": 731
        },
        "SpiderBrain.Policy.Beta.mean": {
            "value": 0.0042661589234000005,
            "min": 0.0042661589234000005,
            "max": 0.004999080243200001,
            "count": 731
        },
        "SpiderBrain.Policy.Beta.sum": {
            "value": 0.0042661589234000005,
            "min": 0.0042661589234000005,
            "max": 0.004999080243200001,
            "count": 731
        },
        "SpiderBrain.IsTraining.mean": {
            "value": 1.0,
            "min": 1.0,
            "max": 1.0,
            "count": 736
        },
        "SpiderBrain.IsTraining.sum": {
            "value": 1.0,
            "min": 1.0,
            "max": 1.0,
            "count": 736
        }
    },
    "metadata": {
        "timer_format_version": "0.1.0",
        "start_time_seconds": "1681318271",
        "python_version": "3.10.8 (main, Mar 21 2023, 21:58:06) [GCC 9.4.0]",
        "command_line_arguments": "/home/sarius/.pyenv/versions/3.10.8/envs/mlagents/bin/mlagents-learn --env 2-box-simple-obstacle/spiderbot-env-2-box-simple-obstacle.x86_64 --run-id 2-box-simple-obstacle --no-graphics --torch-device cuda --num-envs 4 --time-scale 1 trainer_new-format.yaml",
        "mlagents_version": "0.30.0",
        "mlagents_envs_version": "0.30.0",
        "communication_protocol_version": "1.5.0",
        "pytorch_version": "1.11.0+cu102",
        "numpy_version": "1.21.2",
        "end_time_seconds": "1681335795"
    },
    "total": 17523.948245055042,
    "count": 1,
    "self": 0.256271616788581,
    "children": {
        "run_training.setup": {
            "total": 0.021616269135847688,
            "count": 1,
            "self": 0.021616269135847688
        },
        "TrainerController.start_learning": {
            "total": 17523.670357169118,
            "count": 1,
            "self": 118.298984431196,
            "children": {
                "TrainerController._reset_env": {
                    "total": 6.598938186885789,
                    "count": 1,
                    "self": 6.598938186885789
                },
                "TrainerController.advance": {
                    "total": 17398.65444429312,
                    "count": 6776285,
                    "self": 115.97394738765433,
                    "children": {
                        "env_step": {
                            "total": 15932.226482343161,
                            "count": 6776285,
                            "self": 6951.3370954168495,
                            "children": {
                                "SubprocessEnvManager._take_step": {
                                    "total": 8900.938185205683,
                                    "count": 7385905,
                                    "self": 456.49124774942175,
                                    "children": {
                                        "TorchPolicy.evaluate": {
                                            "total": 8444.446937456261,
                                            "count": 7363762,
                                            "self": 8444.446937456261
                                        }
                                    }
                                },
                                "workers": {
                                    "total": 79.95120172062889,
                                    "count": 6776284,
                                    "self": 0.0,
                                    "children": {
                                        "worker_root": {
                                            "total": 69847.3749761954,
                                            "count": 7385901,
                                            "is_parallel": true,
                                            "self": 23895.597538866336,