{"count":1,"self":28389.5037952,"total":56641.802923999996,"children":{"InitializeActuators":{"count":1,"self":0.0016079999999999998,"total":0.0016079999999999998,"children":null},"InitializeSensors":{"count":1,"self":0.00213,"total":0.00213,"children":null},"AgentSendState":{"count":58136511,"self":55.5107328,"total":172.283896,"children":{"CollectObservations":{"count":5813652,"self":7.6834831999999995,"total":7.683483,"children":null},"WriteActionMask":{"count":5813652,"self":3.0570359999999996,"total":3.0570359999999996,"children":null},"RequestDecision":{"count":5813652,"self":9.0718888,"total":106.032645,"children":{"AgentInfo.ToProto":{"count":5813652,"self":20.009142399999998,"total":96.960755999999989,"children":{"GenerateSensorData":{"count":5813652,"self":76.951616,"total":76.951613999999992,"children":null}}}}}}},"DecideAction":{"count":58136511,"self":27838.627839999997,"total":27838.626990999997,"children":null},"AgentAct":{"count":58136511,"self":241.0256384,"total":241.383073,"children":{"AgentInfo.ToProto":{"count":23276,"self":0.077418,"total":0.35742999999999997,"children":{"GenerateSensorData":{"count":23276,"self":0.280012,"total":0.280012,"children":null}}}}}},"gauges":{"SpiderBrain.CumulativeReward":{"count":23276,"max":18.1848431,"min":-214.565918,"runningAverage":-12.6448622,"value":-118.001694,"weightedAverage":-125.800323}},"metadata":{"timer_format_version":"0.1.0","start_time_seconds":"1681397665","unity_version":"2021.3.21f1","command_line_arguments":"\/home\/sarius\/spiderbot\/4-no-box-add-reward\/4-no-box-add-reward.x86_64 -nographics -batchmode --mlagents-port 5008 -logFile \/home\/sarius\/spiderbot\/results\/4-no-box-add-reward\/run_logs\/Player-3.log","communication_protocol_version":"1.5.0","com.unity.ml-agents_version":"2.0.1","scene_name":"Main","end_time_seconds":"1681454307"}}