{"count":1,"self":26242.654208,"total":60552.770040999996,"children":{"InitializeActuators":{"count":1,"self":0.001718,"total":0.001718,"children":null},"InitializeSensors":{"count":1,"self":0.0020039999999999997,"total":0.0020039999999999997,"children":null},"AgentSendState":{"count":72155041,"self":64.423852799999992,"total":250.60367,"children":{"CollectObservations":{"count":7215505,"self":15.7585696,"total":15.758569999999999,"children":null},"WriteActionMask":{"count":7215505,"self":3.7759608,"total":3.7759609999999997,"children":null},"RequestDecision":{"count":7215505,"self":12.0969824,"total":166.645289,"children":{"AgentInfo.ToProto":{"count":7215505,"self":28.253020799999998,"total":154.548307,"children":{"GenerateSensorData":{"count":7215505,"self":126.2952832,"total":126.29528699999999,"children":null}}}}}}},"DecideAction":{"count":72155041,"self":33756.44672,"total":33756.445399,"children":null},"AgentAct":{"count":72155041,"self":302.3072256,"total":303.059215,"children":{"AgentInfo.ToProto":{"count":29059,"self":0.10583899999999999,"total":0.75200099999999992,"children":{"GenerateSensorData":{"count":29059,"self":0.646162,"total":0.646162,"children":null}}}}}},"gauges":{"SpiderBrain.CumulativeReward":{"count":29059,"max":-3.79057384,"min":-3246.61523,"runningAverage":-156.18602,"value":-6.76805162,"weightedAverage":-7.297386}},"metadata":{"timer_format_version":"0.1.0","start_time_seconds":"1681662914","unity_version":"2021.3.21f1","command_line_arguments":"\/home\/sarius\/spiderbot\/10-dynamic-target-increased-weight\/10-dynamic-target-increased-weight.x86_64 -nographics -batchmode --mlagents-port 5007 -logFile \/home\/sarius\/spiderbot\/results\/10-dynamic-target-increased-weight\/run_logs\/Player-2.log","communication_protocol_version":"1.5.0","com.unity.ml-agents_version":"2.0.1","scene_name":"Main","end_time_seconds":"1681723466"}}