{"count":1,"self":23672.1291264,"total":55552.537324,"children":{"InitializeActuators":{"count":1,"self":0.0015689999999999999,"total":0.0015689999999999999,"children":null},"InitializeSensors":{"count":1,"self":0.001994,"total":0.001994,"children":null},"AgentSendState":{"count":61595933,"self":65.6206976,"total":221.985511,"children":{"CollectObservations":{"count":6159594,"self":13.013719199999999,"total":13.013719,"children":null},"WriteActionMask":{"count":6159594,"self":3.255009,"total":3.255009,"children":null},"RequestDecision":{"count":6159594,"self":10.6277688,"total":140.09608599999999,"children":{"AgentInfo.ToProto":{"count":6159594,"self":20.7060672,"total":129.46831699999998,"children":{"GenerateSensorData":{"count":6159594,"self":108.7622528,"total":108.76225,"children":null}}}}}}},"DecideAction":{"count":61595933,"self":31371.2902144,"total":31371.289279999997,"children":null},"AgentAct":{"count":61595933,"self":286.6542592,"total":287.126443,"children":{"AgentInfo.ToProto":{"count":24650,"self":0.079149,"total":0.47219099999999997,"children":{"GenerateSensorData":{"count":24650,"self":0.393042,"total":0.393042,"children":null}}}}}},"gauges":{"SpiderBrain.CumulativeReward":{"count":24650,"max":-25.4749336,"min":-234.428177,"runningAverage":-56.3220634,"value":-49.2851563,"weightedAverage":-48.13621}},"metadata":{"timer_format_version":"0.1.0","start_time_seconds":"1682084011","unity_version":"2021.3.21f1","command_line_arguments":"\/home\/sarius\/spiderbot\/15-intense-punishment\/15-intense-punishment.x86_64 -nographics -batchmode --mlagents-port 5008 -logFile \/home\/sarius\/spiderbot\/results\/15-intense-punishment\/run_logs\/Player-3.log","communication_protocol_version":"1.5.0","com.unity.ml-agents_version":"2.0.1","scene_name":"Main","end_time_seconds":"1682139563"}}139563"}}