{"count":1,"self":24199.0402048,"total":56312.470044999995,"children":{"InitializeActuators":{"count":1,"self":0.0016829999999999998,"total":0.0016829999999999998,"children":null},"InitializeSensors":{"count":1,"self":0.002597,"total":0.002597,"children":null},"AgentSendState":{"count":62748682,"self":54.746828799999996,"total":208.47006399999998,"children":{"CollectObservations":{"count":6274869,"self":13.3554256,"total":13.355426,"children":null},"WriteActionMask":{"count":6274869,"self":3.5469448,"total":3.546945,"children":null},"RequestDecision":{"count":6274869,"self":10.46764,"total":136.820867,"children":{"AgentInfo.ToProto":{"count":6274869,"self":19.6922976,"total":126.35322699999999,"children":{"GenerateSensorData":{"count":6274869,"self":106.660928,"total":106.66093,"children":null}}}}}}},"DecideAction":{"count":62748682,"self":31610.712883199998,"total":31610.713361,"children":null},"AgentAct":{"count":62748682,"self":293.7490176,"total":294.238875,"children":{"AgentInfo.ToProto":{"count":25106,"self":0.080995,"total":0.489865,"children":{"GenerateSensorData":{"count":25106,"self":0.40886999999999996,"total":0.40886999999999996,"children":null}}}}}},"gauges":{"SpiderBrain.CumulativeReward":{"count":25106,"max":13.7356834,"min":-131.3236,"runningAverage":-0.0487099029,"value":6.06684542,"weightedAverage":5.42167854}},"metadata":{"timer_format_version":"0.1.0","start_time_seconds":"1682018720","unity_version":"2021.3.21f1","command_line_arguments":"\/home\/sarius\/spiderbot\/14-walk-to-target\/14-walk-to-target.x86_64 -nographics -batchmode --mlagents-port 5006 -logFile \/home\/sarius\/spiderbot\/results\/14-walk-to-target\/run_logs\/Player-1.log","communication_protocol_version":"1.5.0","com.unity.ml-agents_version":"2.0.1","scene_name":"Main","end_time_seconds":"1682075032"}}2075032"}}d_time_seconds":"1682075032"}}