{
    "name": "root",
    "gauges": {
        "SpiderBrain.Policy.Entropy.mean": {
            "value": 0.3937344253063202,
            "min": 0.3937333822250366,
            "max": 1.4201055765151978,
            "count": 2499
        },
        "SpiderBrain.Policy.Entropy.sum": {
            "value": 3903.876953125,
            "min": 3795.72412109375,
            "max": 14602.96484375,
            "count": 2499
        },
        "SpiderBrain.Environment.EpisodeLength.mean": {
            "value": 249.0,
            "min": 182.82142857142858,
            "max": 249.0,
            "count": 2499
        },
        "SpiderBrain.Environment.EpisodeLength.sum": {
            "value": 9960.0,
            "min": 5119.0,
            "max": 10209.0,
            "count": 2499
        },
        "SpiderBrain.Step.mean": {
            "value": 24999788.0,
            "min": 19780.0,
            "max": 24999788.0,
            "count": 2499
        },
        "SpiderBrain.Step.sum": {
            "value": 24999788.0,
            "min": 19780.0,
            "max": 24999788.0,
            "count": 2499
        },
        "SpiderBrain.Policy.ExtrinsicValueEstimate.mean": {
            "value": -2.3796958923339844,
            "min": -20.8469295501709,
            "max": 0.04482507333159447,
            "count": 2499
        },
        "SpiderBrain.Policy.ExtrinsicValueEstimate.sum": {
            "value": -95.18783569335938,
            "min": -833.877197265625,
            "max": 1.2109017372131348,
            "count": 2499
        },
        "SpiderBrain.Environment.CumulativeReward.mean": {
            "value": 10.736142182350159,
            "min": -82.52951931423611,
            "max": 12.02575421333313,
            "count": 2499
        },
        "SpiderBrain.Environment.CumulativeReward.sum": {
            "value": 429.44568729400635,
            "min": -4138.257307052612,
            "max": 481.0301685333252,
            "count": 2499
        },
        "SpiderBrain.Policy.ExtrinsicReward.mean": {
            "value": 10.736142182350159,
            "min": -82.52951931423611,
            "max": 12.02575421333313,
            "count": 2499
        },
        "SpiderBrain.Policy.ExtrinsicReward.sum": {
            "value": 429.44568729400635,
            "min": -4138.257307052612,
            "max": 481.0301685333252,
            "count": 2499
        },
        "SpiderBrain.IsTraining.mean": {
            "value": 1.0,
            "min": 1.0,
            "max": 1.0,
            "count": 2499
        },
        "SpiderBrain.IsTraining.sum": {
            "value": 1.0,
            "min": 1.0,
            "max": 1.0,
            "count": 2499
        },
        "SpiderBrain.Losses.PolicyLoss.mean": {
            "value": 0.0188875754053394,
            "min": 0.009606297391534705,
            "max": 0.025448411124913643,
            "count": 1218
        },
        "SpiderBrain.Losses.PolicyLoss.sum": {
            "value": 0.0188875754053394,
            "min": 0.009606297391534705,
            "max": 0.025448411124913643,
            "count": 1218
        },
        "SpiderBrain.Losses.ValueLoss.mean": {
            "value": 0.004080256734353801,
            "min": 0.0016130773971478145,
            "max": 35.85103232065837,
            "count": 1218
        },
        "SpiderBrain.Losses.ValueLoss.sum": {
            "value": 0.004080256734353801,
            "min": 0.0016130773971478145,
            "max": 35.85103232065837,
            "count": 1218
        },
        "SpiderBrain.Policy.LearningRate.mean": {
            "value": 1.8264393915200673e-07,
            "min": 1.8264393915200673e-07,
            "max": 0.000299573496142168,
            "count": 1218
        },
        "SpiderBrain.Policy.LearningRate.sum": {
            "value": 1.8264393915200673e-07,
            "min": 1.8264393915200673e-07,
            "max": 0.000299573496142168,
            "count": 1218
        },
        "SpiderBrain.Policy.Epsilon.mean": {
            "value": 0.10006084800000001,
            "min": 0.10006084800000001,
            "max": 0.19985783200000007,
            "count": 1218
        },
        "SpiderBrain.Policy.Epsilon.sum": {
            "value": 0.10006084800000001,
            "min": 0.10006084800000001,
            "max": 0.19985783200000007,
            "count": 1218
        },
        "SpiderBrain.Policy.Beta.mean": {
            "value": 1.3036315200000115e-05,
            "min": 1.3036315200000115e-05,
            "max": 0.004992905816800001,
            "count": 1218
        },
        "SpiderBrain.Policy.Beta.sum": {
            "value": 1.3036315200000115e-05,
            "min": 1.3036315200000115e-05,
            "max": 0.004992905816800001,
            "count": 1218
        }
    },
    "metadata": {
        "timer_format_version": "0.1.0",
        "start_time_seconds": "1681903015",
        "python_version": "3.10.8 (main, Mar 21 2023, 21:58:06) [GCC 9.4.0]",
        "command_line_arguments": "/home/sarius/.pyenv/versions/3.10.8/envs/mlagents/bin/mlagents-learn --env 13-adapt-trainer-config/12-add-positions.x86_64 --run-id 13-adapt-trainer-config --no-graphics --torch-device cuda --num-envs 4 --time-scale 1 --resume 13-adapt-trainer-config/trainer_new-format.yaml",
        "mlagents_version": "0.30.0",
        "mlagents_envs_version": "0.30.0",
        "communication_protocol_version": "1.5.0",
        "pytorch_version": "1.11.0+cu102",
        "numpy_version": "1.21.2",
        "end_time_seconds": "1681963508"
    },
    "total": 60492.71553546982,
    "count": 1,
    "self": 0.3217288525775075,
    "children": {
        "run_training.setup": {
            "total": 0.018256764393299818,
            "count": 1,
            "self": 0.018256764393299818
        },
        "TrainerController.start_learning": {
            "total": 60492.37554985285,
            "count": 1,
            "self": 421.2098731524311,
            "children": {
                "TrainerController._reset_env": {
                    "total": 3.186745909973979,
                    "count": 1,
                    "self": 3.186745909973979
                },
                "TrainerController.advance": {
                    "total": 60067.87195200939,
                    "count": 23122415,
                    "self": 415.45933859748766,
                    "children": {
                        "env_step": {
                            "total": 53143.913331395015,
                            "count": 23122415,
                            "self": 25007.06354942778,
                            "children": {
                                "SubprocessEnvManager._take_step": {
                                    "total": 27860.686202093493,
                                    "count": 25085634,
                                    "self": 1476.8038232848048,
                                    "children": {
                                        "TorchPolicy.evaluate": {
                                            "total": 26383.88237880869,
                                            "count": 24985682,
                                            "self": 26383.88237880869
                                        }
                                    }
                                },
                                "workers": {
                                    "total": 276.1635798737407,
                                    "count": 23122415,
                                    "self": 0.0,
                                    "children": {
                                        "worker_root": {
                                            "total": 241132.0175182959,
                                            "count": 25085632,
                                            "is_parallel": true,
                                            "self": 87036.77871194342,