{"count":1,"self":28496.691199999997,"total":52432.859049,"children":{"InitializeActuators":{"count":1,"self":0.0016179999999999999,"total":0.0016179999999999999,"children":null},"InitializeSensors":{"count":1,"self":0.0020529999999999997,"total":0.0020529999999999997,"children":null},"AgentSendState":{"count":53731761,"self":51.1650016,"total":185.597526,"children":{"CollectObservations":{"count":5373177,"self":8.8449632,"total":8.844963,"children":null},"WriteActionMask":{"count":5373177,"self":3.140978,"total":3.140978,"children":null},"RequestDecision":{"count":5373177,"self":9.9062992,"total":122.44658199999999,"children":{"AgentInfo.ToProto":{"count":5373177,"self":22.3808304,"total":112.54028299999999,"children":{"GenerateSensorData":{"count":5373177,"self":90.159455999999992,"total":90.159453,"children":null}}}}}}},"DecideAction":{"count":53731761,"self":23682.596864,"total":23682.596836,"children":null},"AgentAct":{"count":53731761,"self":67.5174976,"total":67.958933,"children":{"AgentInfo.ToProto":{"count":21289,"self":0.075785999999999992,"total":0.441434,"children":{"GenerateSensorData":{"count":21289,"self":0.365648,"total":0.365648,"children":null}}}}},"AgentInfo.ToProto":{"count":386,"self":0.001668,"total":0.008459,"children":{"GenerateSensorData":{"count":386,"self":0.0067909999999999993,"total":0.0067909999999999993,"children":null}}}},"gauges":{"SpiderBrain.CumulativeReward":{"count":21675,"max":1075.792,"min":-29.0622787,"runningAverage":756.3639,"value":806.0392,"weightedAverage":802.070068}},"metadata":{"timer_format_version":"0.1.0","start_time_seconds":"1681591333","unity_version":"2021.3.21f1","command_line_arguments":"\/home\/sarius\/spiderbot\/7-dynamic-target\/7-dynamic-target.x86_64 -nographics -batchmode --mlagents-port 5005 -logFile \/home\/sarius\/spiderbot\/results\/7-dynamic-target\/run_logs\/Player-0.log","communication_protocol_version":"1.5.0","com.unity.ml-agents_version":"2.0.1","scene_name":"Main","end_time_seconds":"1681643766"}}me_seconds":"1681643766"}}