{"count":1,"self":58166.5816576,"total":114045.10065699999,"children":{"InitializeActuators":{"count":1,"self":0.0015639999999999999,"total":0.0015639999999999999,"children":null},"InitializeSensors":{"count":1,"self":0.0019779999999999997,"total":0.0019779999999999997,"children":null},"AgentSendState":{"count":126320222,"self":119.95984639999999,"total":386.92891099999997,"children":{"CollectObservations":{"count":12632023,"self":16.5885104,"total":16.588511,"children":null},"WriteActionMask":{"count":12632023,"self":6.6286232,"total":6.6286229999999993,"children":null},"RequestDecision":{"count":12632023,"self":19.1980304,"total":243.751927,"children":{"AgentInfo.ToProto":{"count":12632023,"self":44.1554784,"total":224.55389699999998,"children":{"GenerateSensorData":{"count":12632023,"self":180.3984128,"total":180.398418,"children":null}}}}}}},"DecideAction":{"count":126320222,"self":55049.040691199996,"total":55049.038703,"children":null},"AgentAct":{"count":126320222,"self":441.634816,"total":442.543947,"children":{"AgentInfo.ToProto":{"count":50865,"self":0.180304,"total":0.90912399999999993,"children":{"GenerateSensorData":{"count":50865,"self":0.72881999999999991,"total":0.72881999999999991,"children":null}}}}}},"gauges":{"SpiderBrain.CumulativeReward":{"count":50865,"max":3.78844476,"min":0.00471054763,"runningAverage":2.83434629,"value":3.574261,"weightedAverage":3.54430556}},"metadata":{"timer_format_version":"0.1.0","start_time_seconds":"1679484006","unity_version":"2021.3.21f1","command_line_arguments":"\/home\/sarius\/spiderbot\/spiderbot-base-training-env-non-dev.x86_64 -nographics -batchmode --mlagents-port 5005 -logFile \/home\/sarius\/spiderbot\/results\/cudaClsterTimeScale1\/run_logs\/Player-0.log","communication_protocol_version":"1.5.0","com.unity.ml-agents_version":"2.0.1","scene_name":"Main","end_time_seconds":"1679598051"}}