{"count":1,"self":51307.3086464,"total":102297.025933,"children":{"InitializeActuators":{"count":1,"self":0.0015919999999999999,"total":0.0015919999999999999,"children":null},"InitializeSensors":{"count":1,"self":0.0022919999999999998,"total":0.0022919999999999998,"children":null},"AgentSendState":{"count":109894332,"self":101.985216,"total":338.62868,"children":{"CollectObservations":{"count":10989434,"self":14.239081599999999,"total":14.239082,"children":null},"WriteActionMask":{"count":10989434,"self":6.1656752,"total":6.1656749999999994,"children":null},"RequestDecision":{"count":10989434,"self":17.470916799999998,"total":216.23870599999998,"children":{"AgentInfo.ToProto":{"count":10989434,"self":39.3331424,"total":198.767789,"children":{"GenerateSensorData":{"count":10989434,"self":159.4346496,"total":159.43464799999998,"children":null}}}}}}},"DecideAction":{"count":109894332,"self":50252.5722624,"total":50252.571179,"children":null},"AgentAct":{"count":109894332,"self":397.6937216,"total":398.510676,"children":{"AgentInfo.ToProto":{"count":45889,"self":0.164202,"total":0.816947,"children":{"GenerateSensorData":{"count":45889,"self":0.652745,"total":0.652745,"children":null}}}}}},"gauges":{"SpiderBrain.CumulativeReward":{"count":45889,"max":3.242762,"min":-0.1,"runningAverage":1.92081988,"value":2.747724,"weightedAverage":2.56778049}},"metadata":{"timer_format_version":"0.1.0","start_time_seconds":"1679644663","unity_version":"2021.3.21f1","command_line_arguments":"\/home\/sarius\/spiderbot\/spiderbot-base-training-small-tilt.x86_64 -nographics -batchmode --mlagents-port 5007 -logFile \/home\/sarius\/spiderbot\/results\/smallTilt1\/run_logs\/Player-2.log","communication_protocol_version":"1.5.0","com.unity.ml-agents_version":"2.0.1","scene_name":"Main","end_time_seconds":"1679746960"}}ime_seconds":"1679746960"}}