{
    "name": "root",
    "gauges": {
        "SpiderBrain.Policy.Entropy.mean": {
            "value": 0.6686410903930664,
            "min": 0.5820781588554382,
            "max": 1.4247753620147705,
            "count": 385
        },
        "SpiderBrain.Policy.Entropy.sum": {
            "value": 6713.8251953125,
            "min": 5797.29833984375,
            "max": 14394.55859375,
            "count": 385
        },
        "SpiderBrain.Step.mean": {
            "value": 3849972.0,
            "min": 9947.0,
            "max": 3849972.0,
            "count": 385
        },
        "SpiderBrain.Step.sum": {
            "value": 3849972.0,
            "min": 9947.0,
            "max": 3849972.0,
            "count": 385
        },
        "SpiderBrain.Policy.ExtrinsicValueEstimate.mean": {
            "value": -9.164670944213867,
            "min": -273.7278137207031,
            "max": 0.026718324050307274,
            "count": 385
        },
        "SpiderBrain.Policy.ExtrinsicValueEstimate.sum": {
            "value": -1466.347412109375,
            "min": -44070.1796875,
            "max": 4.4085235595703125,
            "count": 385
        },
        "SpiderBrain.Environment.EpisodeLength.mean": {
            "value": 249.0,
            "min": 215.77777777777777,
            "max": 249.0,
            "count": 385
        },
        "SpiderBrain.Environment.EpisodeLength.sum": {
            "value": 9960.0,
            "min": 9462.0,
            "max": 10458.0,
            "count": 385
        },
        "SpiderBrain.Environment.CumulativeReward.mean": {
            "value": -23.637286281585695,
            "min": -854.6048462761773,
            "max": -22.03761115670204,
            "count": 385
        },
        "SpiderBrain.Environment.CumulativeReward.sum": {
            "value": -945.4914512634277,
            "min": -38457.21808242798,
            "max": -880.4489479064941,
            "count": 385
        },
        "SpiderBrain.Policy.ExtrinsicReward.mean": {
            "value": -23.637286281585695,
            "min": -854.6048462761773,
            "max": -22.03761115670204,
            "count": 385
        },
        "SpiderBrain.Policy.ExtrinsicReward.sum": {
            "value": -945.4914512634277,
            "min": -38457.21808242798,
            "max": -880.4489479064941,
            "count": 385
        },
        "SpiderBrain.Losses.PolicyLoss.mean": {
            "value": 0.1714369660243392,
            "min": 0.07774783100467175,
            "max": 0.2088294882327318,
            "count": 383
        },
        "SpiderBrain.Losses.PolicyLoss.sum": {
            "value": 0.1714369660243392,
            "min": 0.07774783100467175,
            "max": 0.2088294882327318,
            "count": 383
        },
        "SpiderBrain.Losses.ValueLoss.mean": {
            "value": 0.17241215147078037,
            "min": 0.09261332986255487,
            "max": 3261.8419799804688,
            "count": 383
        },
        "SpiderBrain.Losses.ValueLoss.sum": {
            "value": 0.17241215147078037,
            "min": 0.09261332986255487,
            "max": 3261.8419799804688,
            "count": 383
        },
        "SpiderBrain.Policy.LearningRate.mean": {
            "value": 0.002769069367697689,
            "min": 0.002769069367697689,
            "max": 0.0029994172200194253,
            "count": 383
        },
        "SpiderBrain.Policy.LearningRate.sum": {
            "value": 0.002769069367697689,
            "min": 0.002769069367697689,
            "max": 0.0029994172200194253,
            "count": 383
        },
        "SpiderBrain.Policy.Epsilon.mean": {
            "value": 0.19230231199999995,
            "min": 0.19230231199999995,
            "max": 0.19998057399999994,
            "count": 383
        },
        "SpiderBrain.Policy.Epsilon.sum": {
            "value": 0.19230231199999995,
            "min": 0.19230231199999995,
            "max": 0.19998057399999994,
            "count": 383
        },
        "SpiderBrain.Policy.Beta.mean": {
            "value": 0.004615885368800001,
            "min": 0.004615885368800001,
            "max": 0.004999030642599999,
            "count": 383
        },
        "SpiderBrain.Policy.Beta.sum": {
            "value": 0.004615885368800001,
            "min": 0.004615885368800001,
            "max": 0.004999030642599999,
            "count": 383
        },
        "SpiderBrain.IsTraining.mean": {
            "value": 1.0,
            "min": 1.0,
            "max": 1.0,
            "count": 385
        },
        "SpiderBrain.IsTraining.sum": {
            "value": 1.0,
            "min": 1.0,
            "max": 1.0,
            "count": 385
        }
    },
    "metadata": {
        "timer_format_version": "0.1.0",
        "start_time_seconds": "1681654310",
        "python_version": "3.10.8 (main, Mar 21 2023, 21:58:06) [GCC 9.4.0]",
        "command_line_arguments": "/home/sarius/.pyenv/versions/3.10.8/envs/mlagents/bin/mlagents-learn --env 9-dynamic-target-intense-punishment/9-dynamic-target-intense-punishment.x86_64 --run-id 9-dynamic-target-intense-punishment --no-graphics --torch-device cuda --num-envs 4 --time-scale 1 trainer_new-format.yaml",
        "mlagents_version": "0.30.0",
        "mlagents_envs_version": "0.30.0",
        "communication_protocol_version": "1.5.0",
        "pytorch_version": "1.11.0+cu102",
        "numpy_version": "1.21.2",
        "end_time_seconds": "1681662365"
    },
    "total": 8055.123797939625,
    "count": 1,
    "self": 0.15193792153149843,
    "children": {
        "run_training.setup": {
            "total": 0.01843336410820484,
            "count": 1,
            "self": 0.01843336410820484
        },
        "TrainerController.start_learning": {
            "total": 8054.953426653985,
            "count": 1,
            "self": 63.472619069740176,
            "children": {
                "TrainerController._reset_env": {
                    "total": 3.1717431638389826,
                    "count": 1,
                    "self": 3.1717431638389826
                },
                "TrainerController.advance": {
                    "total": 7988.188011944294,
                    "count": 3517291,
                    "self": 61.34971654601395,
                    "children": {
                        "env_step": {
                            "total": 7225.590523916297,
                            "count": 3517291,
                            "self": 2588.6584130506963,
                            "children": {
                                "SubprocessEnvManager._take_step": {
                                    "total": 4595.494751800783,
                                    "count": 3871193,
                                    "self": 235.25588946556672,
                                    "children": {
                                        "TorchPolicy.evaluate": {
                                            "total": 4360.238862335216,
                                            "count": 3856067,
                                            "self": 4360.238862335216
                                        }
                                    }
                                },
                                "workers": {
                                    "total": 41.43735906481743,
                                    "count": 3517290,
                                    "self": 0.0,
                                    "children": {
                                        "worker_root": {
                                            "total": 32087.80399850104,
                                            "count": 3871189,
                                            "is_parallel": true,
                                            "self": 12776.826626276132,